v	clers	dentset	orbit	gap	glb
10	CCCACCACACAACAAE		1		CCCACCACACAACAAE__Dempty.a9817206.glb
10	CCCACCACACAACAAE	1	2	0.448	CCCACCACACAACAAE__D1.ea4f39c7.glb
11	CCCACACCACACAACAAE		1		CCCACACCACACAACAAE__Dempty.b51b3316.glb
11	CCCACACCACACAACAAE	11	1	0.320	CCCACACCACACAACAAE__D11.91eec496.glb
11	CCCACACCACACACAAAE		1		CCCACACCACACACAAAE__Dempty.0470fe29.glb
11	CCCACACCACACACAAAE	11	1	0.264	CCCACACCACACACAAAE__D11.b8f6ae80.glb
11	CCCACCACACACAACAAE		1		CCCACCACACACAACAAE__Dempty.828689bc.glb
11	CCCACCACACACAACAAE	5	2	0.303	CCCACCACACACAACAAE__D5.371cec10.glb
11	CCCACCACACACACAAAE		1		CCCACCACACACACAAAE__Dempty.b07efb3d.glb
11	CCCACCACACACACAAAE	5	1	0.525	CCCACCACACACACAAAE__D5.6d9e8401.glb
11	CCCACCACACCACAADEE		1		CCCACCACACCACAADEE__Dempty.3d9d31d0.glb
11	CCCACCACACCACAADEE	7	1	0.363	CCCACCACACCACAADEE__D7.b16e5d26.glb
12	CCCACACACCACACAACAAE		1		CCCACACACCACACAACAAE__Dempty.9912bac2.glb
12	CCCACACACCACACAACAAE	12	1	0.431	CCCACACACCACACAACAAE__D12.bbfd4053.glb
12	CCCACACACCACACACAAAE		1		CCCACACACCACACACAAAE__Dempty.4fe1d867.glb
12	CCCACACACCACACACAAAE	12	1	0.322	CCCACACACCACACACAAAE__D12.0279a5d1.glb
12	CCCACACCACACACAACAAE		1		CCCACACCACACACAACAAE__Dempty.f6968bed.glb
12	CCCACACCACACACAACAAE	12	1	0.260	CCCACACCACACACAACAAE__D12.10de8948.glb
12	CCCACACCACACACAACAAE	8	1	0.386	CCCACACCACACACAACAAE__D8.f08de720.glb
12	CCCACACCACACACACAAAE		1		CCCACACCACACACACAAAE__Dempty.2a4f1b5b.glb
12	CCCACACCACACACACAAAE	11	1	0.422	CCCACACCACACACACAAAE__D11.8e693c65.glb
12	CCCACACCACACACACAAAE	12	1	0.284	CCCACACCACACACACAAAE__D12.afbd680a.glb
12	CCCACACCACACACACAAAE	4	1	0.281	CCCACACCACACACACAAAE__D4.a88d2e6b.glb
12	CCCACACCACACACACAAAE	6	1	0.380	CCCACACCACACACACAAAE__D6.f9fcee5e.glb
12	CCCACACCACCACACAAAAE		1		CCCACACCACCACACAAAAE__Dempty.d182a6de.glb
12	CCCACACCACCACACAAAAE	12	1	0.368	CCCACACCACCACACAAAAE__D12.fa872339.glb
12	CCCACACCACCACACAAAAE	9	1	0.363	CCCACACCACCACACAAAAE__D9.11d5eb54.glb
12	CCCACACCACCACACAAABE		1		CCCACACCACCACACAAABE__Dempty.592b10d6.glb
12	CCCACACCACCACACAAABE	7	2	0.390	CCCACACCACCACACAAABE__D7.8322f925.glb
12	CCCACACCACCACACAAABE	9	2	0.282	CCCACACCACCACACAAABE__D9.5bcc1a71.glb
12	CCCACCACACACACAACAAE		1		CCCACCACACACACAACAAE__Dempty.81c081b3.glb
12	CCCACCACACACACAACAAE	5	2	0.445	CCCACCACACACACAACAAE__D5.cf948e9c.glb
12	CCCACCACACACACACAABE		1		CCCACCACACACACACAABE__Dempty.0b022de6.glb
12	CCCACCACACACACACAABE	1	1	0.247	CCCACCACACACACACAABE__D1.55ecd26a.glb
12	CCCACCACACACACACAABE	7	1	0.494	CCCACCACACACACACAABE__D7.b05d0bc8.glb
12	CCCACCACACACACACAABE	9	1	0.236	CCCACCACACACACACAABE__D9.91b1c576.glb
12	CCCACCACACCACAACAABE		1		CCCACCACACCACAACAABE__Dempty.8bdfc9ea.glb
12	CCCACCACACCACAACAABE	4	2	0.377	CCCACCACACCACAACAABE__D4.6f95ae2e.glb
12	CCCACCACACCACACAAAAE		1		CCCACCACACCACACAAAAE__Dempty.7e81270d.glb
12	CCCACCACACCACACAAAAE	10	1	0.177	CCCACCACACCACACAAAAE__D10.cf502d08.glb
12	CCCACCACACCACACAAAAE	12	1	0.372	CCCACCACACCACACAAAAE__D12.5f270ff7.glb
12	CCCACCACACCACACAAAAE	2	2	0.251	CCCACCACACCACACAAAAE__D2.7a3c61d3.glb
12	CCCACCACACCACACAAAAE	4	2	0.329	CCCACCACACCACACAAAAE__D4.0d0750e8.glb
12	CCCACCACACCACACAAAAE	6	2	0.289	CCCACCACACCACACAAAAE__D6.d58b560d.glb
12	CCCACCACACCACACAAAAE	7	1	0.264	CCCACCACACCACACAAAAE__D7.7879c80a.glb
12	CCCACCACACCACACAAAAE	9	2	0.338	CCCACCACACCACACAAAAE__D9.335db9fe.glb
12	CCCACCACACCACACAAABE		1		CCCACCACACCACACAAABE__Dempty.dd7c5d89.glb
12	CCCACCACACCACACAAABE	1	2	0.409	CCCACCACACCACACAAABE__D1.b6e9102d.glb
12	CCCACCACACCACACAAABE	4	2	0.573	CCCACCACACCACACAAABE__D4.e99bc9ba.glb
12	CCCACCACACCACACAAABE	6	2	0.391	CCCACCACACCACACAAABE__D6.8a852a92.glb
12	CCCACCACACCACACAAABE	7	2	0.387	CCCACCACACCACACAAABE__D7.3a1b0cca.glb
12	CCCACCACACCACACAAABE	1-10	1	0.113	CCCACCACACCACACAAABE__D1-10.7f30fa92.glb
12	CCCACCACCACACAACADEE		1		CCCACCACCACACAACADEE__Dempty.08d9d97a.glb
12	CCCACCACCACACAACADEE	1	4	0.374	CCCACCACCACACAACADEE__D1.47689e8d.glb
12	CCCACCACCACACACAAAAE		1		CCCACCACCACACACAAAAE__Dempty.af6189eb.glb
12	CCCACCACCACACACAAAAE	1	3	0.347	CCCACCACCACACACAAAAE__D1.ea384727.glb
12	CCCACCACCACACACAAAAE	2	6	0.329	CCCACCACCACACACAAAAE__D2.502d2f57.glb
12	CCCACCACCACACACAAAAE	3	3	0.493	CCCACCACCACACACAAAAE__D3.69596a30.glb
12	CCCACCACCACACACAAAAE	3-5	3	0.285	CCCACCACCACACACAAAAE__D3-5.ac95743b.glb
12	CCCACCACCACACACAAAAE	3-5-12	1	0.328	CCCACCACCACACACAAAAE__D3-5-12.50910ebe.glb
12	CCCCACCACACACAACAAAE		1		CCCCACCACACACAACAAAE__Dempty.faed2210.glb
12	CCCCACCACACACAACAAAE	1	12	0.638	CCCCACCACACACAACAAAE__D1.d1d46d80.glb
13	CCCACACACCACACACAACAAE		1		CCCACACACCACACACAACAAE__Dempty.70973279.glb
13	CCCACACACCACACACAACAAE	7	1	0.303	CCCACACACCACACACAACAAE__D7.d8b2dd10.glb
13	CCCACACACCACACACAACAAE	9	1	0.349	CCCACACACCACACACAACAAE__D9.5f0ed7d4.glb
13	CCCACACACCACACACACAAAE		1		CCCACACACCACACACACAAAE__Dempty.9e209459.glb
13	CCCACACACCACACACACAAAE	12	1	0.391	CCCACACACCACACACACAAAE__D12.0ce3996e.glb
13	CCCACACACCACACACACAAAE	7	1	0.526	CCCACACACCACACACACAAAE__D7.cfd055a4.glb
13	CCCACACACCACACACACAAAE	9	2	0.301	CCCACACACCACACACACAAAE__D9.c0440365.glb
13	CCCACACCACACACACAACAAE		1		CCCACACCACACACACAACAAE__Dempty.d35411bb.glb
13	CCCACACCACACACACAACAAE	6	1	0.378	CCCACACCACACACACAACAAE__D6.d321b32b.glb
13	CCCACACCACACACACAACAAE	9	1	0.532	CCCACACCACACACACAACAAE__D9.e067d07a.glb
13	CCCACACCACACACACACAABE		1		CCCACACCACACACACACAABE__Dempty.b1aa2e06.glb
13	CCCACACCACACACACACAABE	12	1	0.169	CCCACACCACACACACACAABE__D12.fa8ce33f.glb
13	CCCACACCACACACACACAABE	8	1	0.326	CCCACACCACACACACACAABE__D8.1f3543a8.glb
13	CCCACACCACACACACCAAABE		1		CCCACACCACACACACCAAABE__Dempty.31545af9.glb
13	CCCACACCACACACACCAAABE	4	2	0.324	CCCACACCACACACACCAAABE__D4.de3587fa.glb
13	CCCACACCACACACACCAAABE	6	1	0.157	CCCACACCACACACACCAAABE__D6.a5e218f9.glb
13	CCCACACCACCACACAAACAAE		1		CCCACACCACCACACAAACAAE__Dempty.131a9a61.glb
13	CCCACACCACCACACAAACAAE	12	1	0.509	CCCACACCACCACACAAACAAE__D12.2c3b841a.glb
13	CCCACACCACCACACAAACAAE	13	1	0.349	CCCACACCACCACACAAACAAE__D13.ed66f158.glb
13	CCCACACCACCACACAAACAAE	4	1	0.422	CCCACACCACCACACAAACAAE__D4.98778e01.glb
13	CCCACACCACCACACAACAAAE		1		CCCACACCACCACACAACAAAE__Dempty.1db9726c.glb
13	CCCACACCACCACACAACAAAE	11	1	0.291	CCCACACCACCACACAACAAAE__D11.25783e1a.glb
13	CCCACACCACCACACAACAAAE	12	1	0.397	CCCACACCACCACACAACAAAE__D12.70a5d522.glb
13	CCCACACCACCACACAACAAAE	13	1	0.330	CCCACACCACCACACAACAAAE__D13.38792b47.glb
13	CCCACACCACCACACAACAAAE	4	1	0.386	CCCACACCACCACACAACAAAE__D4.6c4023f3.glb
13	CCCACACCACCACACAACAAAE	6	1	0.311	CCCACACCACCACACAACAAAE__D6.cb7aa1b7.glb
13	CCCACACCACCACACAACAAAE	8	1	0.513	CCCACACCACCACACAACAAAE__D8.ca22e2e0.glb
13	CCCACACCACCACACAACAABE		1		CCCACACCACCACACAACAABE__Dempty.77e93300.glb
13	CCCACACCACCACACAACAABE	6	2	0.345	CCCACACCACCACACAACAABE__D6.03c241ff.glb
13	CCCACACCACCACACAACADEE		1		CCCACACCACCACACAACADEE__Dempty.e6d81f97.glb
13	CCCACACCACCACACAACADEE	13	1	0.435	CCCACACCACCACACAACADEE__D13.2dccc930.glb
13	CCCACACCACCACACAACADEE	8	2	0.300	CCCACACCACCACACAACADEE__D8.4f8bd114.glb
13	CCCACACCACCACACAACADEE	9	2	0.149	CCCACACCACCACACAACADEE__D9.a4fa59ad.glb
13	CCCACACCACCACACACAAAAE		1		CCCACACCACCACACACAAAAE__Dempty.7b252dae.glb
13	CCCACACCACCACACACAAAAE	13	1	0.554	CCCACACCACCACACACAAAAE__D13.d7c2ee78.glb
13	CCCACACCACCACACACAAAAE	4	2	0.382	CCCACACCACCACACACAAAAE__D4.6ef5fafc.glb
13	CCCACACCACCACACACAAAAE	9	2	0.453	CCCACACCACCACACACAAAAE__D9.f04b0e64.glb
13	CCCACACCACCACACACAAAAE	4-13	2	0.073	CCCACACCACCACACACAAAAE__D4-13.3eac503c.glb
13	CCCACACCACCACACACAAAAE	4-6	1	0.145	CCCACACCACCACACACAAAAE__D4-6.c1df4235.glb
13	CCCACACCACCACACACAAAAE	4-6-13	1	0.157	CCCACACCACCACACACAAAAE__D4-6-13.157b3cd0.glb
13	CCCACCACACAACCACACAAAE		1		CCCACCACACAACCACACAAAE__Dempty.e649807d.glb
13	CCCACCACACAACCACACAAAE	1	1	0.448	CCCACCACACAACCACACAAAE__D1.6cb6ee92.glb
13	CCCACCACACACACACAACAAE		1		CCCACCACACACACACAACAAE__Dempty.6d8c1d7d.glb
13	CCCACCACACACACACAACAAE	5	2	0.348	CCCACCACACACACACAACAAE__D5.905a5353.glb
13	CCCACCACACACACACAACAAE	7	1	0.633	CCCACCACACACACACAACAAE__D7.693a4b0d.glb
13	CCCACCACACACACACAACAAE	1-9	2	0.177	CCCACCACACACACACAACAAE__D1-9.2386100b.glb
13	CCCACCACACACACACACAAAE		1		CCCACCACACACACACACAAAE__Dempty.3aa98ab2.glb
13	CCCACCACACACACACACAAAE	1	1	0.303	CCCACCACACACACACACAAAE__D1.780133ba.glb
13	CCCACCACACACACACACAAAE	10	1	0.314	CCCACCACACACACACACAAAE__D10.599e10d0.glb
13	CCCACCACACACACACACAAAE	5	1	0.570	CCCACCACACACACACACAAAE__D5.65ba66eb.glb
13	CCCACCACACACACACACAAAE	6	2	0.355	CCCACCACACACACACACAAAE__D6.0674584f.glb
13	CCCACCACACACACACACAAAE	7	2	0.460	CCCACCACACACACACACAAAE__D7.c78da091.glb
13	CCCACCACACACACACACAAAE	1-10	1	0.060	CCCACCACACACACACACAAAE__D1-10.56535353.glb
13	CCCACCACACACACACACAABE		1		CCCACCACACACACACACAABE__Dempty.303e4ee0.glb
13	CCCACCACACACACACACAABE	1	1	0.263	CCCACCACACACACACACAABE__D1.5f51d962.glb
13	CCCACCACACACACACACAABE	10	1	0.273	CCCACCACACACACACACAABE__D10.b368bb78.glb
13	CCCACCACACACACACACAABE	11	2	0.370	CCCACCACACACACACACAABE__D11.5df19681.glb
13	CCCACCACACACACACACAABE	12	1	0.070	CCCACCACACACACACACAABE__D12.b564cab0.glb
13	CCCACCACACACACACACAABE	5	1	0.466	CCCACCACACACACACACAABE__D5.f50f011c.glb
13	CCCACCACACACACACACAABE	7	2	0.291	CCCACCACACACACACACAABE__D7.b100da7a.glb
13	CCCACCACACACACACACAABE	1-10	1	0.160	CCCACCACACACACACACAABE__D1-10.e807c35d.glb
13	CCCACCACACACACCAACADEE		1		CCCACCACACACACCAACADEE__Dempty.780e6e0b.glb
13	CCCACCACACACACCAACADEE	1	1	0.418	CCCACCACACACACCAACADEE__D1.d1d433b6.glb
13	CCCACCACACACACCAACADEE	5	1	0.366	CCCACCACACACACCAACADEE__D5.09fce80d.glb
13	CCCACCACACACACCAACADEE	6	1	0.481	CCCACCACACACACCAACADEE__D6.ed688153.glb
13	CCCACCACACACACCAACADEE	8	1	0.440	CCCACCACACACACCAACADEE__D8.0a2f4b00.glb
13	CCCACCACACACACCAACADEE	9	1	0.266	CCCACCACACACACCAACADEE__D9.43dd7f36.glb
13	CCCACCACACACACCAACADEE	5-11	1	0.182	CCCACCACACACACCAACADEE__D5-11.7b48cc3f.glb
13	CCCACCACACCACAACACAAAE		1		CCCACCACACCACAACACAAAE__Dempty.09660fbd.glb
13	CCCACCACACCACAACACAAAE	1	2	0.279	CCCACCACACCACAACACAAAE__D1.5ad9f457.glb
13	CCCACCACACCACAACACAAAE	2	2	0.321	CCCACCACACCACAACACAAAE__D2.779be1d5.glb
13	CCCACCACACCACAACACAAAE	4	1	0.381	CCCACCACACCACAACACAAAE__D4.576decbf.glb
13	CCCACCACACCACAACACAAAE	5	2	0.383	CCCACCACACCACAACACAAAE__D5.43b0825e.glb
13	CCCACCACACCACAACACAAAE	7	2	0.319	CCCACCACACCACAACACAAAE__D7.9af30a2e.glb
13	CCCACCACACCACAACACAAAE	2-11	2	0.122	CCCACCACACCACAACACAAAE__D2-11.983ec72a.glb
13	CCCACCACACCACACAACAAAE		1		CCCACCACACCACACAACAAAE__Dempty.15eb5739.glb
13	CCCACCACACCACACAACAAAE	1	2	0.356	CCCACCACACCACACAACAAAE__D1.e209a322.glb
13	CCCACCACACCACACAACAAAE	2	2	0.305	CCCACCACACCACACAACAAAE__D2.0916085f.glb
13	CCCACCACACCACACAACAAAE	4	1	0.573	CCCACCACACCACACAACAAAE__D4.96bf3198.glb
13	CCCACCACACCACACAACAAAE	5	2	0.511	CCCACCACACCACACAACAAAE__D5.68b83c71.glb
13	CCCACCACACCACACAACAAAE	6	2	0.385	CCCACCACACCACACAACAAAE__D6.e3a117b6.glb
13	CCCACCACACCACACAACAAAE	7	2	0.346	CCCACCACACCACACAACAAAE__D7.5c896d7c.glb
13	CCCACCACACCACACAACAAAE	2-11	2	0.065	CCCACCACACCACACAACAAAE__D2-11.0405271d.glb
13	CCCACCACACCACACAACADEE		1		CCCACCACACCACACAACADEE__Dempty.47e7b0ba.glb
13	CCCACCACACCACACAACADEE	1	1	0.388	CCCACCACACCACACAACADEE__D1.16df8f19.glb
13	CCCACCACACCACACAACADEE	11	1	0.346	CCCACCACACCACACAACADEE__D11.23683976.glb
13	CCCACCACACCACACAACADEE	12	1	0.388	CCCACCACACCACACAACADEE__D12.331847a5.glb
13	CCCACCACACCACACAACADEE	13	1	0.422	CCCACCACACCACACAACADEE__D13.846e17c9.glb
13	CCCACCACACCACACAACADEE	2	1	0.285	CCCACCACACCACACAACADEE__D2.54a19b0c.glb
13	CCCACCACACCACACAACADEE	4	1	0.340	CCCACCACACCACACAACADEE__D4.8c7b19fc.glb
13	CCCACCACACCACACAACADEE	7	1	0.389	CCCACCACACCACACAACADEE__D7.ce24200f.glb
13	CCCACCACACCACACAACADEE	8	1	0.466	CCCACCACACCACACAACADEE__D8.4f14188c.glb
13	CCCACCACACCACACAACADEE	9	1	0.263	CCCACCACACCACACAACADEE__D9.b41be473.glb
13	CCCACCACACCACACAACADEE	2-11	1	0.174	CCCACCACACCACACAACADEE__D2-11.08610929.glb
13	CCCACCACACCACACACAAAAE		1		CCCACCACACCACACACAAAAE__Dempty.44874fec.glb
13	CCCACCACACCACACACAAAAE	2	2	0.244	CCCACCACACCACACACAAAAE__D2.3d4603ea.glb
13	CCCACCACACCACACACAAAAE	4	2	0.371	CCCACCACACCACACACAAAAE__D4.dc0e33ab.glb
13	CCCACCACACCACACACAAAAE	5	2	0.510	CCCACCACACCACACACAAAAE__D5.2916e733.glb
13	CCCACCACACCACACACAAAAE	9	1	0.476	CCCACCACACCACACACAAAAE__D9.fb58c049.glb
13	CCCACCACACCACACACAAAAE	5-9	2	0.012	CCCACCACACCACACACAAAAE__D5-9.0f9c413b.glb
13	CCCACCACACCACACACAAABE		1		CCCACCACACCACACACAAABE__Dempty.6f87ea30.glb
13	CCCACCACACCACACACAAABE	4	3	0.279	CCCACCACACCACACACAAABE__D4.dddbef70.glb
13	CCCACCACACCACACACAAABE	7	1	0.707	CCCACCACACCACACACAAABE__D7.6f87ea30.glb
13	CCCACCACACCACACACAAABE	1-10	3	0.062	CCCACCACACCACACACAAABE__D1-10.eaf560b1.glb
13	CCCACCACACCACACACAABBE		1		CCCACCACACCACACACAABBE__Dempty.bd73faa7.glb
13	CCCACCACACCACACACAABBE	1	1	0.280	CCCACCACACCACACACAABBE__D1.747f376c.glb
13	CCCACCACACCACACACAABBE	11	1	0.467	CCCACCACACCACACACAABBE__D11.5b270668.glb
13	CCCACCACACCACACACAABBE	12	1	0.429	CCCACCACACCACACACAABBE__D12.dfdfdf48.glb
13	CCCACCACACCACACACAABBE	13	1	0.451	CCCACCACACCACACACAABBE__D13.68fe2a69.glb
13	CCCACCACACCACACACAABBE	3	1	0.249	CCCACCACACCACACACAABBE__D3.b90d7b2e.glb
13	CCCACCACACCACACACAABBE	4	1	0.401	CCCACCACACCACACACAABBE__D4.a59eb771.glb
13	CCCACCACACCACACACAABBE	5	1	0.490	CCCACCACACCACACACAABBE__D5.3c898b90.glb
13	CCCACCACACCACACACAABBE	6	1	0.332	CCCACCACACCACACACAABBE__D6.1e3d829f.glb
13	CCCACCACACCACACACAABBE	7	1	0.536	CCCACCACACCACACACAABBE__D7.c093f6c7.glb
13	CCCACCACACCACACACAABBE	8	1	0.432	CCCACCACACCACACACAABBE__D8.6dec0784.glb
13	CCCACCACACCACACACAABBE	9	1	0.422	CCCACCACACCACACACAABBE__D9.2c0b33bf.glb
13	CCCACCACACCACACACAABBE	5-7	1	0.269	CCCACCACACCACACACAABBE__D5-7.730f4e90.glb
13	CCCACCACACCACACACAABBE	5-9	1	0.265	CCCACCACACCACACACAABBE__D5-9.1b20b966.glb
13	CCCACCACACCACACACAABBE	7-9	1	0.225	CCCACCACACCACACACAABBE__D7-9.4d8a4fde.glb
13	CCCACCACACCACACACAABBE	5-7-9	1	0.283	CCCACCACACCACACACAABBE__D5-7-9.241fd03d.glb
13	CCCACCACACCACACCAABAAE		1		CCCACCACACCACACCAABAAE__Dempty.5db8c66e.glb
13	CCCACCACACCACACCAABAAE	1	1	0.436	CCCACCACACCACACCAABAAE__D1.2a08fe5c.glb
13	CCCACCACACCACACCAABAAE	10	1	0.337	CCCACCACACCACACCAABAAE__D10.33a78b5e.glb
13	CCCACCACACCACACCAABAAE	12	1	0.311	CCCACCACACCACACCAABAAE__D12.cb2abef5.glb
13	CCCACCACACCACACCAABAAE	13	1	0.426	CCCACCACACCACACCAABAAE__D13.8c448de9.glb
13	CCCACCACACCACACCAABAAE	4	2	0.436	CCCACCACACCACACCAABAAE__D4.bb368556.glb
13	CCCACCACACCACACCAABAAE	6	2	0.427	CCCACCACACCACACCAABAAE__D6.6c16f73e.glb
13	CCCACCACACCACACCAABAAE	7	1	0.409	CCCACCACACCACACCAABAAE__D7.81dfb65e.glb
13	CCCACCACACCACACCAABAAE	1-10	1	0.076	CCCACCACACCACACCAABAAE__D1-10.1bd15e4b.glb
13	CCCACCACACCACACCAABAAE	6-10	2	0.088	CCCACCACACCACACCAABAAE__D6-10.f81005c5.glb
13	CCCACCACACCACACCAABAAE	7-12	1	0.109	CCCACCACACCACACCAABAAE__D7-12.aa719ce2.glb
13	CCCACCACACCACACCAABAAE	6-8-10	1	0.125	CCCACCACACCACACCAABAAE__D6-8-10.bf44e464.glb
13	CCCACCACACCACACCAABAAE	1-6-8-10	1	0.063	CCCACCACACCACACCAABAAE__D1-6-8-10.04c13ff2.glb
13	CCCACCACACCACACCAABABE		1		CCCACCACACCACACCAABABE__Dempty.3542a409.glb
13	CCCACCACACCACACCAABABE	1	2	0.356	CCCACCACACCACACCAABABE__D1.e970f7bd.glb
13	CCCACCACACCACACCAABABE	13	1	0.389	CCCACCACACCACACCAABABE__D13.65657e3e.glb
13	CCCACCACACCACACCAABABE	4	2	0.239	CCCACCACACCACACCAABABE__D4.0e4cded8.glb
13	CCCACCACACCACACCAABABE	6	2	0.407	CCCACCACACCACACCAABABE__D6.2c4f0a6a.glb
13	CCCACCACACCACACCAABABE	7	2	0.363	CCCACCACACCACACCAABABE__D7.111b67eb.glb
13	CCCACCACACCACACCAABABE	1-10	1	0.152	CCCACCACACCACACCAABABE__D1-10.50eb932a.glb
13	CCCACCACACCACACCAABABE	6-8	1	0.204	CCCACCACACCACACCAABABE__D6-8.6c5b71df.glb
13	CCCACCACACCACACCAABABE	1-6-8	2	0.120	CCCACCACACCACACCAABABE__D1-6-8.14050b15.glb
13	CCCACCACACCACACCAABABE	1-6-8-10	1	0.069	CCCACCACACCACACCAABABE__D1-6-8-10.cc32c31e.glb
13	CCCACCACCACACAACAACAAE		1		CCCACCACCACACAACAACAAE__Dempty.be630b07.glb
13	CCCACCACCACACAACAACAAE	1	2	0.369	CCCACCACCACACAACAACAAE__D1.58c476a9.glb
13	CCCACCACCACACAACAACAAE	2	2	0.333	CCCACCACCACACAACAACAAE__D2.0cbe5420.glb
13	CCCACCACCACACAACAACAAE	3	2	0.315	CCCACCACCACACAACAACAAE__D3.aaab9bc2.glb
13	CCCACCACCACACAACAACAAE	4	2	0.301	CCCACCACCACACAACAACAAE__D4.8cfae0bf.glb
13	CCCACCACCACACAACAACAAE	5	2	0.396	CCCACCACCACACAACAACAAE__D5.2e0be0b5.glb
13	CCCACCACCACACAACAACAAE	7	1	0.455	CCCACCACCACACAACAACAAE__D7.625dbc20.glb
13	CCCACCACCACACAACAACAAE	1-9	2	0.116	CCCACCACCACACAACAACAAE__D1-9.919fd4d2.glb
13	CCCACCACCACACACAACAAAE		1		CCCACCACCACACACAACAAAE__Dempty.ba6c4d6a.glb
13	CCCACCACCACACACAACAAAE	1	1	0.657	CCCACCACCACACACAACAAAE__D1.ec47bff1.glb
13	CCCACCACCACACACAACAAAE	12	2	0.489	CCCACCACCACACACAACAAAE__D12.0af04234.glb
13	CCCACCACCACACACAACAAAE	2	2	0.639	CCCACCACCACACACAACAAAE__D2.1173fbb7.glb
13	CCCACCACCACACACAACAAAE	3	2	0.467	CCCACCACCACACACAACAAAE__D3.1322affd.glb
13	CCCACCACCACACACAACAAAE	6	4	0.414	CCCACCACCACACACAACAAAE__D6.2fb4457a.glb
13	CCCACCACCACACACAACAAAE	8	2	0.419	CCCACCACCACACACAACAAAE__D8.cd299cf2.glb
13	CCCACCACCACACACAACAAAE	3-12	4	0.258	CCCACCACCACACACAACAAAE__D3-12.80fc7e8a.glb
13	CCCACCACCACACACAACAAAE	3-5	1	0.358	CCCACCACCACACACAACAAAE__D3-5.e111f477.glb
13	CCCACCACCACACACAACAAAE	3-5-12	2	0.279	CCCACCACCACACACAACAAAE__D3-5-12.eaf8b545.glb
13	CCCACCACCACCACAACADEBE		1		CCCACCACCACCACAACADEBE__Dempty.67dc58ce.glb
13	CCCACCACCACCACAACADEBE	1	4	0.283	CCCACCACCACCACAACADEBE__D1.92162fee.glb
13	CCCACCACCACCACAACADEBE	11	1	0.251	CCCACCACCACCACAACADEBE__D11.dd8f666e.glb
13	CCCACCACCACCACAACADEBE	2	2	0.410	CCCACCACCACCACAACADEBE__D2.5e85d630.glb
13	CCCACCACCACCACAACADEBE	3	2	0.515	CCCACCACCACCACAACADEBE__D3.9bf379a7.glb
13	CCCACCACCACCACAACADEBE	4	2	0.381	CCCACCACCACCACAACADEBE__D4.46f19182.glb
13	CCCACCACCACCACAACADEBE	5	2	0.363	CCCACCACCACCACAACADEBE__D5.b62922ac.glb
13	CCCACCACCACCACAACADEBE	2-8	1	0.033	CCCACCACCACCACAACADEBE__D2-8.83b3c637.glb
13	CCCACCACCACCACAACADEBE	5-10	1	0.238	CCCACCACCACCACAACADEBE__D5-10.4ce4e01a.glb
13	CCCACCACCACCACAACADEBE	2-4-8	2	0.049	CCCACCACCACCACAACADEBE__D2-4-8.db95cebc.glb
13	CCCACCACCACCACAACADEBE	2-4-8-12	1	0.055	CCCACCACCACCACAACADEBE__D2-4-8-12.977e93b1.glb
13	CCCACCACCACCACACAADEBE		1		CCCACCACCACCACACAADEBE__Dempty.1d403318.glb
13	CCCACCACCACCACACAADEBE	1	3	0.548	CCCACCACCACCACACAADEBE__D1.becce926.glb
13	CCCACCACCACCACACAADEBE	2	3	0.455	CCCACCACCACCACACAADEBE__D2.be20f99c.glb
13	CCCACCACCACCACACAADEBE	3	3	0.540	CCCACCACCACCACACAADEBE__D3.9c9fbcfe.glb
13	CCCACCACCACCACACAADEBE	4	1	0.619	CCCACCACCACCACACAADEBE__D4.d7fce93e.glb
13	CCCACCACCACCACACAADEBE	6	3	0.524	CCCACCACCACCACACAADEBE__D6.b16835c0.glb
13	CCCACCACCACCACACAADEBE	3-5	3	0.316	CCCACCACCACCACACAADEBE__D3-5.6f13ab5c.glb
13	CCCACCACCACCACACAADEBE	3-5-10	1	0.359	CCCACCACCACCACACAADEBE__D3-5-10.de50302c.glb
